{"cameraMode":{"drawMode":0,"name":"Shaded","section":"Shading Mode"},"sceneLighting":false,"audioPlay":false,"sceneViewState":{"m_AlwaysRefresh":false,"showFog":true,"showSkybox":false,"showFlares":true,"showImageEffects":true,"showParticleSystems":true,"showVisualEffectGraphs":true,"m_FxEnabled":true},"in2DMode":false,"pivot":{"x":5.099133014678955,"y":0.8154855966567993,"z":-31.54945182800293},"rotation":{"x":0.001288006897084415,"y":-0.9984202980995178,"z":-0.02396361529827118,"w":-0.05155538022518158},"size":1.1189508438110352,"orthographic":false}