{"cameraMode":{"drawMode":0,"name":"Shaded","section":"Shading Mode"},"sceneLighting":false,"audioPlay":false,"sceneViewState":{"m_AlwaysRefresh":false,"showFog":false,"showSkybox":false,"showFlares":false,"showImageEffects":false,"showParticleSystems":false,"showVisualEffectGraphs":true,"m_FxEnabled":true},"in2DMode":false,"pivot":{"x":-0.16998730599880219,"y":1.2189207077026368,"z":-0.014697656035423279},"rotation":{"x":-0.0064215040765702728,"y":0.9915700554847717,"z":-0.053592193871736529,"w":-0.11805174499750138},"size":0.3500545024871826,"orthographic":false}