{"cameraMode":{"drawMode":0,"name":"Shaded","section":"Shading Mode"},"sceneLighting":false,"audioPlay":false,"sceneViewState":{"m_AlwaysRefresh":false,"showFog":false,"showSkybox":false,"showFlares":false,"showImageEffects":false,"showParticleSystems":false,"showVisualEffectGraphs":true,"m_FxEnabled":true},"in2DMode":false,"pivot":{"x":0.08434649556875229,"y":1.2959835529327393,"z":0.3165947198867798},"rotation":{"x":0.0024037754628807308,"y":-0.997585654258728,"z":-0.04191998019814491,"w":-0.05601346865296364},"size":0.1380966454744339,"orthographic":false}