{"cameraMode":{"drawMode":0,"name":"Shaded","section":"Shading Mode"},"sceneLighting":false,"audioPlay":false,"sceneViewState":{"m_AlwaysRefresh":false,"showFog":false,"showSkybox":false,"showFlares":false,"showImageEffects":false,"showParticleSystems":false,"showVisualEffectGraphs":true,"m_FxEnabled":true},"in2DMode":false,"pivot":{"x":-0.3371950387954712,"y":1.2468452453613282,"z":0.30086955428123476},"rotation":{"x":0.028956392779946328,"y":-0.9645301699638367,"z":0.11922959983348847,"w":0.23389370739459992},"size":0.15247750282287599,"orthographic":false}