{"cameraMode":{"drawMode":0,"name":"Shaded","section":"Shading Mode"},"sceneLighting":false,"audioPlay":false,"sceneViewState":{"m_AlwaysRefresh":false,"showFog":false,"showSkybox":false,"showFlares":false,"showImageEffects":false,"showParticleSystems":false,"showVisualEffectGraphs":true,"m_FxEnabled":true},"in2DMode":false,"pivot":{"x":-0.26098647713661196,"y":1.2692556381225587,"z":0.17997628450393678},"rotation":{"x":0.0076063694432377819,"y":-0.9703190922737122,"z":0.03056425228714943,"w":0.23992933332920075},"size":0.19030627608299256,"orthographic":false}