{"cameraMode":{"drawMode":0,"name":"Shaded","section":"Shading Mode"},"sceneLighting":false,"audioPlay":false,"sceneViewState":{"m_AlwaysRefresh":false,"showFog":false,"showSkybox":false,"showFlares":false,"showImageEffects":false,"showParticleSystems":false,"showVisualEffectGraphs":true,"m_FxEnabled":true},"in2DMode":false,"pivot":{"x":-0.18486016988754273,"y":1.2244330644607545,"z":0.031809791922569278},"rotation":{"x":0.0076063694432377819,"y":-0.9703190922737122,"z":0.03056425228714943,"w":0.23992933332920075},"size":0.5026021599769592,"orthographic":false}