{"cameraMode":{"drawMode":0,"name":"Shaded","section":"Shading Mode"},"sceneLighting":false,"audioPlay":false,"sceneViewState":{"m_AlwaysRefresh":false,"showFog":false,"showSkybox":false,"showFlares":false,"showImageEffects":false,"showParticleSystems":false,"showVisualEffectGraphs":true,"m_FxEnabled":true},"in2DMode":false,"pivot":{"x":0.03262126445770264,"y":0.23882123827934266,"z":0.24671590328216554},"rotation":{"x":-0.07049906998872757,"y":0.9289725422859192,"z":-0.23917533457279206,"w":-0.2736704647541046},"size":1.4696440696716309,"orthographic":false}