{"cameraMode":{"drawMode":0,"name":"Shaded","section":"Shading Mode"},"sceneLighting":false,"audioPlay":false,"sceneViewState":{"m_AlwaysRefresh":false,"showFog":false,"showSkybox":false,"showFlares":false,"showImageEffects":false,"showParticleSystems":false,"showVisualEffectGraphs":true,"m_FxEnabled":true},"in2DMode":false,"pivot":{"x":-0.08561351895332337,"y":1.2706730365753174,"z":-0.2524987459182739},"rotation":{"x":-0.0064215040765702728,"y":0.9915700554847717,"z":-0.053592193871736529,"w":-0.11805174499750138},"size":0.4781206548213959,"orthographic":false}