{"cameraMode":{"drawMode":0,"name":"Shaded","section":"Shading Mode"},"sceneLighting":false,"audioPlay":false,"sceneViewState":{"m_AlwaysRefresh":false,"showFog":false,"showSkybox":false,"showFlares":false,"showImageEffects":false,"showParticleSystems":false,"showVisualEffectGraphs":true,"m_FxEnabled":true},"in2DMode":false,"pivot":{"x":-0.6049305200576782,"y":0.9244562387466431,"z":0.302797794342041},"rotation":{"x":0.03054659627377987,"y":-0.9607165455818176,"z":0.11729416251182556,"w":0.24982132017612458},"size":0.7610320448875427,"orthographic":false}