{"cameraMode":{"drawMode":0,"name":"Shaded","section":"Shading Mode"},"sceneLighting":false,"audioPlay":false,"sceneViewState":{"m_AlwaysRefresh":false,"showFog":false,"showSkybox":false,"showFlares":false,"showImageEffects":false,"showParticleSystems":false,"showVisualEffectGraphs":true,"m_FxEnabled":true},"in2DMode":false,"pivot":{"x":0.15907470881938935,"y":1.0727808475494385,"z":0.4045587182044983},"rotation":{"x":0.012341410852968693,"y":0.9830394387245178,"z":-0.07239210605621338,"w":0.1682426929473877},"size":0.03222799673676491,"orthographic":false}